Title,Description,Abbreviation,Item TypeOPERS Pool,OPERS Pool,50 Mtr Pool,ClassroomCollege Nine/Ten Multipurpose Room,College Nine/Ten Multipurpose Room,9/10 Multipurpose,ClassroomAgroecology,Agroecology,Agroecology,ClassroomArboretum,Arboretum,Arboretum,ClassroomBarn Theater,Barn Theater,Barn Theater,ClassroomBaskin Clay,Baskin Clay,Baskin Clay,ClassroomBaskin Drawing,Baskin Drawing,Baskin Draw,ClassroomBaskin Multipurpose,Baskin Multipurpose,Baskin Multi,ClassroomBaskin Paint,Baskin Paint,Baskin Paint,ClassroomBaskin Photo,Baskin Photo,Baskin Photo,ClassroomBaskin Plaster,Baskin Plaster,Baskin Plast,ClassroomBaskin Print,Baskin Print,Baskin Print,ClassroomBaskin Sculpture,Baskin Sculpture,Baskin Sculp,ClassroomBaskin Visual Arts,Baskin Visual Arts,Baskin Visul,ClassroomBay Tree Conference Room,Bay Tree Conference Room,Bay Tree Conf,ClassroomBridge Gallery,Bridge Gallery,Bridge Gallery,ClassroomCardiff House,Cardiff House,Cardiff House,ClassroomClassroom Unit,Classroom Unit,ClassroomUnit,ClassroomCommunications Bldg,Communications Bldg,Commun Bldg,ClassroomCowell Academic Building,Cowell Academic Building,Cowell Acad,ClassroomCowell Classroom Building,Cowell Classroom Building,Cowell Clrm,ClassroomCowell Commons Building,Cowell Commons Building,Cowell Com,ClassroomCowell Dining Hall,Cowell Dining Hall,Cowell Din,ClassroomCowell Press,Cowell Press,Cowell Press,ClassroomCowell Provost House,Cowell Provost House,Cowell Prov,ClassroomCrown/Merrill Recreation Room,Crown/Merrill Recreation Room,Cr Merr Rec,ClassroomCrown/Merrill Community Room,Crown/Merrill Community Room,CR/ME Comm Rm,ClassroomCrown Classroom Building,Crown Classroom Building,Crown Clrm,ClassroomCrown Dining Hall,Crown Dining Hall,Crown Din,ClassroomCrown Faculty Wing,Crown Faculty Wing,Crown Fac Wing,ClassroomCrown Provost House ,Crown Provost House ,Crown Prov,ClassroomCrown Senior Commons Room,Crown Senior Commons Room,Crown Sr. Com,ClassroomCrown Computing Lab,Crown Computing Lab,Crwn Comp Lab,ClassroomCenter for Adaptive Optics,Center for Adaptive Optics,Ctr Adaptive Optics,ClassroomEast Field House Dance Studio,East Field House Dance Studio,Dance Studio,ClassroomDigital Arts Research Center,Digital Arts Research Center,Digital Arts,ClassroomEast Field House,East Field House,E Fieldhouse,ClassroomEast Field House Racquetball Court,East Field House Racquetball Court,E Racquet Ct,ClassroomEast Field House Tennis Courts,East Field House Tennis Courts,E Tennis Ct,ClassroomEarth and Marine Sciences ,Earth and Marine Sciences ,Earth&Marine,ClassroomEast Field,East Field,East Field,ClassroomEast Field House Gym,East Field House Gym,East Gym,ClassroomEast Remote Field (a.k.a. Lower East Field),East Remote Field (a.k.a. Lower East Field),East Remote Field,ClassroomCollege Eight Academic,College Eight Academic,Eight Acad,ClassroomCollege Eight Community Building ,College Eight Community Building ,Eight Com,ClassroomCollege Eight Dining Hall ,College Eight Dining Hall ,Eight Dining Hall,ClassroomEngineering 2 ,Engineering 2 ,Engineer 2,ClassroomWellness Center,Wellness Center,Fitness/Wellness,ClassroomGamelan Studio,Gamelan Studio,Gamelan Stu,ClassroomGreenhouse ,Greenhouse ,Greenhouse,ClassroomHahn Art Facility ,Hahn Art Facility ,Hahn Art Fac,ClassroomHall Gallery ,Hall Gallery ,Hall Gallery,ClassroomHealth Center,Health Center,Health Ctr,ClassroomHumanities & Social Sciences Facility,Humanities & Social Sciences Facility,Hum & Soc Sci,ClassroomHumanities 1 Building,Humanities 1 Building,Humanities 1,ClassroomHumanities Lecture Hall ,Humanities Lecture Hall ,Humn Lecture,ClassroomInterdisciplinary Sciences Building ,Interdisciplinary Sciences Building ,ISB,ClassroomJack Baskin Auditorium ,Jack Baskin Auditorium ,J Bask Aud,ClassroomJack Baskin Engineering,Jack Baskin Engineering,J Baskin Engr,ClassroomKresge Lounge ,Kresge Lounge ,Kr Lounge,ClassroomKresge Academic Building ,Kresge Academic Building ,Kresge Acad,ClassroomKresge Annex A ,Kresge Annex A ,Kresge Annex A,ClassroomKresge Annex B ,Kresge Annex B ,Kresge Annex B,ClassroomKresge Classroom Building,Kresge Classroom Building,Kresge Clrm,ClassroomKresge Library,Kresge Library,Kresge Lib,ClassroomKrege Provost House,Krege Provost House,Kresge Prov,ClassroomKresge Recreation Room,Kresge Recreation Room,Kresge Rec,ClassroomKresge Town Hall ,Kresge Town Hall ,Krsg Town Hall,ClassroomKZSC,KZSC,KZSC,ClassroomLong Marine Lab Discovery Center,Long Marine Lab Discovery Center,Lg Discovery,ClassroomLower Quarry,Lower Quarry,Lower Quarry,ClassroomEast Field House Martial Arts Room,East Field House Martial Arts Room,Martial Arts,ClassroomMcHenry Library,McHenry Library,McHenry Lib,ClassroomMedia Theater ,Media Theater ,Media Theater,ClassroomMerrill Cultural Center,Merrill Cultural Center,Merr Cltrl Ctr,ClassroomMerrill Academic Building,Merrill Academic Building,Merrill Acad,ClassroomMerrill Baobab Lounge,Merrill Baobab Lounge,Merrill Baobab,ClassroomMerrill Provost House,Merrill Provost House,Merrill Prov,ClassroomMing Ong Computing Lab,Ming Ong Computing Lab,MingOng Cmp Lb,ClassroomMusic Center,Music Center,Music Center,ClassroomNatural Sciences 2 Annex,Natural Sciences 2 Annex,N. Sci Annex,ClassroomNamaste Lounge,Namaste Lounge,Namaste Lounge,ClassroomNatural Sciences 2 ,Natural Sciences 2 ,Nat Sci 2,ClassroomCollege Nine Community Room,College Nine Community Room,Nine Community Room,ClassroomOakes Academic Building ,Oakes Academic Building ,Oakes Acad,ClassroomOakes Garden,Oakes Garden,Oakes Garden,ClassroomOakes Provost House,Oakes Provost House,Oakes Prov,ClassroomOakes Tutoring Center ,Oakes Tutoring Center ,Oakes Tutor,ClassroomPacific Ocean,Pacific Ocean,Ocean,ClassroomOcean Health Building ,Ocean Health Building ,Ocean Health,ClassroomOPERS Conference Room,OPERS Conference Room,OPERS Conference,ClassroomOPERS Multipurpose Room,OPERS Multipurpose Room,OPERS Multi Purpose,ClassroomEast Field House Activities Room,East Field House Activities Room,PE Activity Rm,ClassroomPhysical Sciences Building ,Physical Sciences Building ,Phys Sciences,ClassroomPorter Academic Building ,Porter Academic Building ,Porter Acad,ClassroomPorter Dining Hall ,Porter Dining Hall ,Porter Din,ClassroomPorter Hitchcock Lounge (formerly Porter Fireside Lounge),Porter Hitchcock Lounge (formerly Porter Fireside Lounge),Porter Fire,ClassroomPorter Provost House ,Porter Provost House ,Porter Prov,ClassroomPorter/Kresge Lounge ,Porter/Kresge Lounge ,Prtr I Lounge,ClassroomScience & Engineering Library ,Science & Engineering Library ,Science Library,ClassroomSinsheimer Laboratories ,Sinsheimer Laboratories ,Sinsheimer Lb,ClassroomSocial Sciences 1 ,Social Sciences 1 ,Soc Sci 1,ClassroomSocial Sciences 2 ,Social Sciences 2 ,Soc Sci 2,ClassroomSolar Greenhouse,Solar Greenhouse,Solar Grnhse,ClassroomStevenson Academic Building ,Stevenson Academic Building ,Steven Acad,ClassroomStevenson Activity Center (formerly Stevenson Dining Hall),Stevenson Activity Center (formerly Stevenson Dining Hall),Steven Din,ClassroomStevenson Fireside Lounge,Stevenson Fireside Lounge,Steven Fire,ClassroomStevenson Library,Stevenson Library,Steven Lib,ClassroomStevenson Music Practice Room ,Stevenson Music Practice Room ,Steven Music,ClassroomStevenson Provost House,Stevenson Provost House,Steven Prov,ClassroomTheater Arts Second Stage,Theater Arts Second Stage,TA 2nd Stage,ClassroomTheater Arts Second Stage Annex ,Theater Arts Second Stage Annex ,TA 2nd Stage Annex,ClassroomTheater Arts Costume Shop ,Theater Arts Costume Shop ,TA Costume,ClassroomTheater Arts Drama ,Theater Arts Drama ,TA Drama,ClassroomTheater Arts Experimental Theater ,Theater Arts Experimental Theater ,TA Exp Theater,ClassroomTheater Arts Foundry ,Theater Arts Foundry ,TA Foundry,ClassroomTheater Arts Lecture ,Theater Arts Lecture ,TA Lecture,ClassroomTheater Arts Mainstage,Theater Arts Mainstage,TA Mainstage,ClassroomTheater Arts Offices,Theater Arts Offices,TA Offices,ClassroomTheater Arts Studio ,Theater Arts Studio ,TA Studio C,ClassroomThimann Lecture Hall ,Thimann Lecture Hall ,Thim Lecture,ClassroomThimann Laboratories,Thimann Laboratories,Thimann Lab,ClassroomWest Field House,West Field House,W Fieldhouse,ClassroomWest Gym,West Gym,West Gym,Classroom