Building Name,Rooms50 Mtr Pool,OPERS Pool9/10 Multipurpose,College Nine/Ten Multipurpose RoomAgroecology,Agroecology 103Arboretum,Arboretum 106Barn Theater,Barn Theater 021Baskin Clay,Baskin Clay A101Baskin Draw,Baskin Drawing F101Baskin Multi,Baskin Multipurpose D101Baskin Paint,"Baskin Paint 2 L101, 3 M101, E101, E102, E103, E103A"Baskin Photo,Baskin Photo I200Baskin Plast,Baskin Plaster H101Baskin Print,"Baskin Print G101, G102"Baskin Sculp,"Baskin Sculpture 2 P101, P108"Baskin Visul,Baskin Visual Arts J101Bay Tree Conf,"Bay Tree Conference Room A, D"Bridge Gallery,Bridge Gallery 112Cardiff House,Cardiff House 113ClassroomUnit,"Classroom Unit 001, 002, 201"Commun Bldg,"Communications Bldg 011, 113, 116, 117, 118, 119, 121, 130, 131, 137, 140, 143, 150"Cowell Acad,"Cowell Acadermic Building 113, 216, 222, 223, 225"Cowell Clrm,Cowell Classroom Building 131 Cowell Com,"Cowell Commons Building 132, 133, 134, 147, 154"Cowell Din,Cowell Dining Hall 151Cowell Press,Cowell Press 123Cowell Prov,Cowell Prov 119Cr Merr Rec,Cr Merr Rec 202CR/ME Comm Rm,CR/ME Comm Rm 110Crown Clrm,"Crown Clrm 104, 105, 201, 202, 203, 208, 235"Crown Din,Crown Dining Hall 108Crown Fac Wing,Crown Faculty Wing 235Crown Prov,Crown Provost House 104Crown Sr. Com,Crown Senior Commons Room 302Crwn Comp Lab,Crown Computing Lab 201Ctr Adaptive Optics,Center for Adaptive Optics 217Dance Studio,East Field House Dance StudioDigital Arts,"Digital Arts 104A, 151, 206, 213, 217, 230, 308, 313, 325, 340"E Fieldhouse,East Field HouseE Racquet Ct,East Field House Racquetball CourtE Tennis Ct,East Field House Tennis CourtsEarth&Marine,"Earth and Marine Sciences A234, A332, A333, A340, A350, A402, A404, A405, B206, B210, B214, C206, C332, C360, C580, D226, D236, D250, D258, D266, D302, D318, D330, D336, D360, D366, D410, D446, D450, D480"East Field,East FieldEast Gym,East Field House GymEast Remote Field,East Remote Field (a.k.a. Lower East Field)Eight Acad,"College Eight Academic:Building A: Rooms 250, 252Building B: Rooms 201, 207, 208, 226, 240, 242, 301"Eight Com,"College Eight Community Building Rooms 201, 204"Eight Dining Hall,College Eight Dining Hall 101Engineer 2,"Engineering 2 Rooms 180, 192, 194, 209, 215, 216, 218, 234, 241B, 280, 301, 308, 315, 316, 334, 375, 386, 392, 396, 397, 398, 399, 475, 481, 486, 492, 499, 506, 556, 580, 586, 598, 599"Fitness/Wellness,Wellness CenterGamelan Stu,Gamelan Studio 230BGreenhouse,Greenhouse 426Hahn Art Fac,"Hahn Art Facility 001, 003"Hall Gallery,Hall Gallery 006Health Ctr,Health Ctr 101Hum & Soc Sci,"Hum & Soc Sci 250, 259, 260, 350, 359"Humanities 1,"Humanities 1 110, 200, 245, 300, 308, 316, 345, 400, 402, 416, 420, 545, 620"Humn Lecture,Humanities Lecture Hall 206ISB,"Interdisciplinary Sciences Building 102, 126, 165, 221, 229, 231, 233, 235, 310, 356, 417, 429, 431, 450, 455, 467, 486"J Bask Aud,Jack Baskin Auditorium 101J Baskin Engr,Jack Baskin Engineering (53 classrooms)Kr Lounge,Kresge Lounge 165Kresge Acad,Kresge Academic Building 194Kresge Annex A,Kresge Annex A 118Kresge Annex B,Kresge Annex B 115Kresge Clrm,"Kresge Classroom 317, 319, 321, 323, 325, 327"Kresge Lib,"Kresge Library 348, 352, 356"Kresge Prov,Krege Provost HouseKresge Rec,"Kresge Recreation Room 153, 159"Krsg Town Hall,Kresge Town Hall 466KZSC,KZSCLg Discovery,Long Marine Lab Discovery CenterLower Quarry,Lower QuarryMartial Arts,East Field House Martial Arts RoomMcHenry Lib,"McHenry Library 270, 292, 325, 1240, 1247, 1253, 1256, 1257, 1262, 1267, 1270, 1279, 3148, 4130"Media Theater,Media Theater M110Merr Cltrl Ctr,Merr Cltrl Ctr 104Merrill Acad,"Merrill Acad 002, 003, 023, 039, 102, 105, 130, 132, 134 "Merrill Baobab,Merrill Baobab 112AMerrill Prov,Merrill Provost HouseMingOng Cmp Lb,Ming Ong Computing Lab 108Music Center,"Music Center 101, 114, 128, 130, 131, 134, 136, 138, 147, 149, 175, 181, 187, 191A, 245, 268, 271"N. Sci Annex,"Natural Sciences 2 Annex 101, 102, 103"Namaste Lounge,Namaste LoungeNat Sci 2,"Natural Sciences 2 110, 143, 175, 211, 217, 221, 229, 233, 261, 267, 273, 283, 289, 307, 409, 411, 419, 434"Nine Community Room,College Nine Community RoomOakes Acad,"Oakes Academic Building 101, 102, 103, 104, 105, 106, 109, 204, 220, 222, 233"Oakes Garden,Oakes GardenOakes Prov,Oakes Provost HouseOakes Tutor,Oakes Tutoring Center 205Ocean,Pacific OceanOcean Health,"Ocean Health Building 118, 147, 151, 1535, 201, 246B, 247, 248B, 249, 253, 255"OPERS Conference,OPERS Conference Room 211EOPERS Multi Purpose,OPERS Multipurpose RoomPE Activity Rm,East Field House Activities RoomPhys Sciences,"Physical Sciences Building 110, 114, 130, 136, 140, 145, 240, 257, 305, 319, 341, 357, 405, 409, 441, 450, 454, 465"Porter Acad,"Porter Academic Building 107, 120, 127, 132, 134, 140, 144, 148, 222, 231, 236, 240, 241, 245, 246, 248, 249, 250"Porter Din,"Porter Dining Hall 001, 002, 118"Porter Fire,Porter Hitchcock Lounge (formerly Porter Fireside Lounge)Porter Prov,Porter Provost House 109Prtr I Lounge,Porter-Kresge Lounge 116Science Library,Science & Engineering Library 215Sinsheimer Lb,"Sinsheimer Laboratories 101, 112, 114, 123, 144, 201, 206, 217, 237, 241, 301, 304, 314, 319, 329, 337, 344, 401, 409, 412, 426, 431, 434, 449"Soc Sci 1,"Social Sciences 1 Rooms 110, 123, 135, 145, 149, 153, 161, 239, 243, 261, 317, 414, 439, 449, 451, 461"Soc Sci 2,"Social Sciences 2 Rooms 047, 071, 075, 101, 104, 106, 110, 121, 131, 137, 141, 159, 165, 167, 171, 179, 221, 223, 229, 237, 239, 241, 265, 363, 404, 415"Solar Grnhse,Steven Acad,"Stevenson Academic Building 129, 131, 150, 151, 152, 175, 201, 213, 217, 221, 230, 249"Steven Din,Stevenson Activity Center (formerly Stevenson Dining Hall)Steven Fire,Stevenson Fireside Lounge 177Steven Lib,Stevenson Library 102Steven Music,Stevenson Music Practice Room 004Steven Prov,Stevenson Provost HouseTA 2nd Stage,Theater Arts Second StageTA 2nd Stage Annex,Theater Arts Second Stage Annex 101TA Costume,Theater Arts Costume Shop K102TA Drama,"Theater Arts Drama B100, B201"TA Exp Theater,Theater Arts Experimental Thater L106TA Foundry,Theater Arts Foundry 100TA Lecture,Theater Arts Lecture E100TA Mainstage,"Theater Arts Mainstage, A100, A104, A105, A214"TA Offices,"Theater Arts Offices J101, J102, J103, J104, J105"TA Studio C,"Theater Arts Studio C100, C101, C102"Thim Lecture,"Thimann Lecture Hall 001, 003"Thimann Lab,"Thimann Laboratories 101, 103A 115, 121, 127, 129, 133, 185, 203, 215, 217, 218, 223, 229, 249, 257, 261, 271, 275, 285, 289, 330, 339, 372, 391"W Fieldhouse,West Field HouseWest Gym,West Gym